URL
https://www.aplaceformom.com/assisted-living/alabama/adamsville
https://www.aplaceformom.com/assisted-living/alabama/addison
https://www.aplaceformom.com/assisted-living/alabama/alabaster
https://www.aplaceformom.com/assisted-living/alabama/albertville
https://www.aplaceformom.com/assisted-living/alabama/anniston
https://www.aplaceformom.com/assisted-living/alabama/arab
https://www.aplaceformom.com/assisted-living/alabama/arley
https://www.aplaceformom.com/assisted-living/alabama/athens
https://www.aplaceformom.com/assisted-living/alabama/atmore
https://www.aplaceformom.com/assisted-living/alabama/attalla
https://www.aplaceformom.com/assisted-living/alabama/auburn
https://www.aplaceformom.com/assisted-living/alabama/bay-minette
https://www.aplaceformom.com/assisted-living/alabama/beaverton
https://www.aplaceformom.com/assisted-living/alabama/bessemer
https://www.aplaceformom.com/assisted-living/alabama/birmingham
https://www.aplaceformom.com/assisted-living/alabama/brantley
https://www.aplaceformom.com/assisted-living/alabama/brent
https://www.aplaceformom.com/assisted-living/alabama/brewton
https://www.aplaceformom.com/assisted-living/alabama/brierfield
https://www.aplaceformom.com/assisted-living/alabama/brighton
https://www.aplaceformom.com/assisted-living/alabama/brookwood
https://www.aplaceformom.com/assisted-living/alabama/calera
https://www.aplaceformom.com/assisted-living/alabama/center-point
https://www.aplaceformom.com/assisted-living/alabama/centreville
https://www.aplaceformom.com/assisted-living/alabama/chapman
https://www.aplaceformom.com/assisted-living/alabama/chelsea
https://www.aplaceformom.com/assisted-living/alabama/citronelle
https://www.aplaceformom.com/assisted-living/alabama/clanton
https://www.aplaceformom.com/assisted-living/alabama/collinsville
https://www.aplaceformom.com/assisted-living/alabama/columbiana
https://www.aplaceformom.com/assisted-living/alabama/courtland
https://www.aplaceformom.com/assisted-living/alabama/crossville
https://www.aplaceformom.com/assisted-living/alabama/cullman
https://www.aplaceformom.com/assisted-living/alabama/daphne
https://www.aplaceformom.com/assisted-living/alabama/deatsville
https://www.aplaceformom.com/assisted-living/alabama/decatur
https://www.aplaceformom.com/assisted-living/alabama/demopolis
https://www.aplaceformom.com/assisted-living/alabama/dothan
https://www.aplaceformom.com/assisted-living/alabama/eclectic
https://www.aplaceformom.com/assisted-living/alabama/elkmont
https://www.aplaceformom.com/assisted-living/alabama/enterprise
https://www.aplaceformom.com/assisted-living/alabama/eufaula
https://www.aplaceformom.com/assisted-living/alabama/evergreen
https://www.aplaceformom.com/assisted-living/alabama/fairhope
https://www.aplaceformom.com/assisted-living/alabama/falkville
https://www.aplaceformom.com/assisted-living/alabama/fayette
https://www.aplaceformom.com/assisted-living/alabama/florence
https://www.aplaceformom.com/assisted-living/alabama/foley
https://www.aplaceformom.com/assisted-living/alabama/forestdale
https://www.aplaceformom.com/assisted-living/alabama/fort-payne
https://www.aplaceformom.com/assisted-living/alabama/fyffe
https://www.aplaceformom.com/assisted-living/alabama/gadsden
https://www.aplaceformom.com/assisted-living/alabama/gardendale
https://www.aplaceformom.com/assisted-living/alabama/geiger
https://www.aplaceformom.com/assisted-living/alabama/georgiana
https://www.aplaceformom.com/assisted-living/alabama/geraldine
https://www.aplaceformom.com/assisted-living/alabama/grand-bay
https://www.aplaceformom.com/assisted-living/alabama/greenville
https://www.aplaceformom.com/assisted-living/alabama/grimes
https://www.aplaceformom.com/assisted-living/alabama/gulf-shores
https://www.aplaceformom.com/assisted-living/alabama/guntersville
https://www.aplaceformom.com/assisted-living/alabama/hamilton
https://www.aplaceformom.com/assisted-living/alabama/hanceville
https://www.aplaceformom.com/assisted-living/alabama/harpersville
https://www.aplaceformom.com/assisted-living/alabama/hartford
https://www.aplaceformom.com/assisted-living/alabama/hartselle
https://www.aplaceformom.com/assisted-living/alabama/hayden
https://www.aplaceformom.com/assisted-living/alabama/hayneville
https://www.aplaceformom.com/assisted-living/alabama/hazel-green
https://www.aplaceformom.com/assisted-living/alabama/heflin
https://www.aplaceformom.com/assisted-living/alabama/helena
https://www.aplaceformom.com/assisted-living/alabama/homewood
https://www.aplaceformom.com/assisted-living/alabama/hoover
https://www.aplaceformom.com/assisted-living/alabama/houston
https://www.aplaceformom.com/assisted-living/alabama/hueytown
https://www.aplaceformom.com/assisted-living/alabama/huntsville
https://www.aplaceformom.com/assisted-living/alabama/irondale
https://www.aplaceformom.com/assisted-living/alabama/jacksonville
https://www.aplaceformom.com/assisted-living/alabama/jasper
https://www.aplaceformom.com/assisted-living/alabama/jefferson-county
https://www.aplaceformom.com/assisted-living/alabama/loxley
https://www.aplaceformom.com/assisted-living/alabama/madison
https://www.aplaceformom.com/assisted-living/alabama/malvern
https://www.aplaceformom.com/assisted-living/alabama/mc-calla
https://www.aplaceformom.com/assisted-living/alabama/mckenzie
https://www.aplaceformom.com/assisted-living/alabama/midfield
https://www.aplaceformom.com/assisted-living/alabama/millbrook
https://www.aplaceformom.com/assisted-living/alabama/mobile
https://www.aplaceformom.com/assisted-living/alabama/montevallo
https://www.aplaceformom.com/assisted-living/alabama/montgomery
https://www.aplaceformom.com/assisted-living/alabama/moody
https://www.aplaceformom.com/assisted-living/alabama/mountain-brook
https://www.aplaceformom.com/assisted-living/alabama/muscle-shoals
https://www.aplaceformom.com/assisted-living/alabama/northport
https://www.aplaceformom.com/assisted-living/alabama/oak-grove
https://www.aplaceformom.com/assisted-living/alabama/oak-hill
https://www.aplaceformom.com/assisted-living/alabama/oneonta
https://www.aplaceformom.com/assisted-living/alabama/opelika
https://www.aplaceformom.com/assisted-living/alabama/orange-beach
https://www.aplaceformom.com/assisted-living/alabama/pelham
https://www.aplaceformom.com/assisted-living/alabama/pell-city
https://www.aplaceformom.com/assisted-living/alabama/phenix-city
https://www.aplaceformom.com/assisted-living/alabama/pleasant-grove
https://www.aplaceformom.com/assisted-living/alabama/prattville
https://www.aplaceformom.com/assisted-living/alabama/prichard
https://www.aplaceformom.com/assisted-living/alabama/rainbow-city
https://www.aplaceformom.com/assisted-living/alabama/riverchase
https://www.aplaceformom.com/assisted-living/alabama/robertsdale
https://www.aplaceformom.com/assisted-living/alabama/russellville
https://www.aplaceformom.com/assisted-living/alabama/saraland
https://www.aplaceformom.com/assisted-living/alabama/satsuma
https://www.aplaceformom.com/assisted-living/alabama/scottsboro
https://www.aplaceformom.com/assisted-living/alabama/selma
https://www.aplaceformom.com/assisted-living/alabama/semmes
https://www.aplaceformom.com/assisted-living/alabama/sheffield
https://www.aplaceformom.com/assisted-living/alabama/smiths-station
https://www.aplaceformom.com/assisted-living/alabama/somerville
https://www.aplaceformom.com/assisted-living/alabama/southside
https://www.aplaceformom.com/assisted-living/alabama/spanish-fort
https://www.aplaceformom.com/assisted-living/alabama/springville
https://www.aplaceformom.com/assisted-living/alabama/sylacauga
https://www.aplaceformom.com/assisted-living/alabama/talladega
https://www.aplaceformom.com/assisted-living/alabama/tarrant
https://www.aplaceformom.com/assisted-living/alabama/troy
https://www.aplaceformom.com/assisted-living/alabama/trussville
https://www.aplaceformom.com/assisted-living/alabama/tuscaloosa
https://www.aplaceformom.com/assisted-living/alabama/valley
https://www.aplaceformom.com/assisted-living/alabama/vestavia
https://www.aplaceformom.com/assisted-living/alabama/vestavia-hills
https://www.aplaceformom.com/assisted-living/alabama/waterloo
https://www.aplaceformom.com/assisted-living/alabama/wetumpka
https://www.aplaceformom.com/assisted-living/alabama/wilmer
https://www.aplaceformom.com/assisted-living/alabama/winfield
https://www.aplaceformom.com/assisted-living/alabama/woodstock
https://www.aplaceformom.com/assisted-living/alabama/woodville
https://www.aplaceformom.com/assisted-living/alabama/york
https://www.aplaceformom.com/assisted-living/alaska
https://www.aplaceformom.com/assisted-living/alaska/anchorage
https://www.aplaceformom.com/assisted-living/alaska/big-lake
https://www.aplaceformom.com/assisted-living/alaska/homer
https://www.aplaceformom.com/assisted-living/alaska/hope
https://www.aplaceformom.com/assisted-living/alaska/kenai
https://www.aplaceformom.com/assisted-living/alaska/palmer
https://www.aplaceformom.com/assisted-living/alaska/soldotna
https://www.aplaceformom.com/assisted-living/alaska/sterling
https://www.aplaceformom.com/assisted-living/alaska/wasilla
https://www.aplaceformom.com/assisted-living/arizona
https://www.aplaceformom.com/assisted-living/arizona/alpine
https://www.aplaceformom.com/assisted-living/arizona/apache-junction
https://www.aplaceformom.com/assisted-living/arizona/avondale
https://www.aplaceformom.com/assisted-living/arizona/benson
https://www.aplaceformom.com/assisted-living/arizona/black-canyon-city
https://www.aplaceformom.com/assisted-living/arizona/buckeye
https://www.aplaceformom.com/assisted-living/arizona/bullhead-city
https://www.aplaceformom.com/assisted-living/arizona/camp-verde
https://www.aplaceformom.com/assisted-living/arizona/carefree
https://www.aplaceformom.com/assisted-living/arizona/casa-grande
https://www.aplaceformom.com/assisted-living/arizona/catalina
https://www.aplaceformom.com/assisted-living/arizona/cave-creek
https://www.aplaceformom.com/assisted-living/arizona/chambers
https://www.aplaceformom.com/assisted-living/arizona/chandler
https://www.aplaceformom.com/assisted-living/arizona/chandler-heights
https://www.aplaceformom.com/assisted-living/arizona/chloride
https://www.aplaceformom.com/assisted-living/arizona/coolidge
https://www.aplaceformom.com/assisted-living/arizona/cottonwood
https://www.aplaceformom.com/assisted-living/arizona/el-mirage
https://www.aplaceformom.com/assisted-living/arizona/flagstaff
https://www.aplaceformom.com/assisted-living/arizona/florence
https://www.aplaceformom.com/assisted-living/arizona/fountain-hills
https://www.aplaceformom.com/assisted-living/arizona/gilbert
https://www.aplaceformom.com/assisted-living/arizona/glendale
https://www.aplaceformom.com/assisted-living/arizona/globe
https://www.aplaceformom.com/assisted-living/arizona/gold-canyon
https://www.aplaceformom.com/assisted-living/arizona/goodyear
https://www.aplaceformom.com/assisted-living/arizona/green-valley
https://www.aplaceformom.com/assisted-living/arizona/groom-creek
https://www.aplaceformom.com/assisted-living/arizona/kingman
https://www.aplaceformom.com/assisted-living/arizona/lake-havasu-city
https://www.aplaceformom.com/assisted-living/arizona/litchfield-park
https://www.aplaceformom.com/assisted-living/arizona/marana
https://www.aplaceformom.com/assisted-living/arizona/maricopa
https://www.aplaceformom.com/assisted-living/arizona/maricopa-county
https://www.aplaceformom.com/assisted-living/arizona/mesa
https://www.aplaceformom.com/assisted-living/arizona/mohave-valley
https://www.aplaceformom.com/assisted-living/arizona/new-river
https://www.aplaceformom.com/assisted-living/arizona/oatman
https://www.aplaceformom.com/assisted-living/arizona/oracle
https://www.aplaceformom.com/assisted-living/arizona/oro-valley
https://www.aplaceformom.com/assisted-living/arizona/paradise-valley
https://www.aplaceformom.com/assisted-living/arizona/parker
https://www.aplaceformom.com/assisted-living/arizona/payson
https://www.aplaceformom.com/assisted-living/arizona/peoria
https://www.aplaceformom.com/assisted-living/arizona/phoenix
https://www.aplaceformom.com/assisted-living/arizona/prescott
https://www.aplaceformom.com/assisted-living/arizona/prescott-valley
https://www.aplaceformom.com/assisted-living/arizona/queen-creek
https://www.aplaceformom.com/assisted-living/arizona/rio-verde
https://www.aplaceformom.com/assisted-living/arizona/saddlebrooke
https://www.aplaceformom.com/assisted-living/arizona/sahuarita